[{"raw": {"C2-0": {"REP": 25209, "DEM": 15582, "LIB": 986}, "C11-4": {"IND": 1501, "REP": 27142, "DEM": 11955, "LIB": 672}, "C6-0": {"REP": 25407, "DEM": 13129, "LIB": 2285}, "C13-91": {"REP": 20864}, "C7-0": {"REP": 24255, "DEM": 14303, "LIB": 2172}, "C13-193": {"REP": 10352, "DEM": 3931}, "C12-33": {"REP": 27863, "DEM": 12999}, "C1-0": {"GRN": 161, "REP": 26490, "DEM": 14893, "LIB": 429}, "C5-0": {"REP": 22931, "DEM": 17204, "LIB": 1274}}, "votes": {"senate": {"rep": 25209, "dem": 15582}, "president": {"rep": 26490, "dem": 14893}, "house": {"rep": 27142, "dem": 11955}}, "fips": "001", "id": 1, "name": "Adams"}, {"raw": {"C12-37": {"REP": 52797, "DEM": 62058}, "C2-0": {"REP": 222361, "DEM": 342705, "LIB": 11453}, "C13-25": {"REP": 9713, "DEM": 12969}, "C13-27": {"DEM": 20019}, "C13-20": {"CST": 4245, "DEM": 19028}, "C13-21": {"DEM": 21135}, "C13-22": {"REP": 8904, "DEM": 16855}, "C13-23": {"DEM": 24542}, "C13-28": {"REP": 28046}, "C13-46": {"R/D": 1582}, "C7-0": {"REP": 207392, "DEM": 329546, "LIB": 23855}, "C13-44": {"REP": 20177, "DEM": 12445}, "C13-45": {"REP": 9617, "DEM": 18835}, "C13-42": {"R/D": 28543}, "C13-40": {"REP": 17034}, "C11-18": {"REP": 88253, "DEM": 49792}, "C13-35": {"DEM": 18788}, "C11-14": {"REP": 69305, "DEM": 235195}, "C11-12": {"REP": 70714, "DEM": 55628}, "C5-0": {"REP": 203959, "DEM": 349141, "LIB": 16322}, "C13-24": {"DEM": 24619}, "C6-0": {"REP": 224833, "DEM": 319349, "LIB": 22501}, "C13-33": {"REP": 10516, "DEM": 15249}, "C13-32": {"REP": 6926, "DEM": 20724}, "C12-43": {"DEM": 89444}, "C13-30": {"REP": 18718, "DEM": 14289}, "C12-45": {"DEM": 57119}, "C13-36": {"DEM": 21034}, "C12-47": {"REP": 648, "DEM": 495}, "C13-34": {"DEM": 22596}, "C13-39": {"REP": 11048, "DEM": 11388}, "C13-38": {"DEM": 20272}, "C13-19": {"DEM": 20227}, "C1-0": {"GRN": 2028, "REP": 246540, "DEM": 333533, "LIB": 4875}, "C13-16": {"REP": 6577, "DEM": 5460}}, "votes": {"senate": {"rep": 222361, "dem": 342705}, "president": {"rep": 246540, "dem": 333533}, "house": {"rep": 228272, "dem": 340615}}, "fips": "003", "id": 2, "name": "Allegheny"}, {"raw": {"C2-0": {"REP": 18572, "DEM": 9141, "LIB": 553}, "C12-41": {"REP": 18220}, "C6-0": {"REP": 16819, "DEM": 9350, "LIB": 1438}, "C13-54": {"REP": 1762, "DEM": 1039}, "C13-60": {"REP": 11146, "DEM": 6325}, "C7-0": {"REP": 15663, "DEM": 10247, "LIB": 1463}, "C13-63": {"R/D": 6363}, "C11-3": {"IND": 1288, "REP": 18056, "DEM": 8305}, "C13-66": {"REP": 351}, "C13-55": {"REP": 306, "DEM": 525}, "C1-0": {"GRN": 111, "REP": 19231, "DEM": 8694, "LIB": 286}, "C5-0": {"REP": 14621, "DEM": 12203, "LIB": 991}}, "votes": {"senate": {"rep": 18572, "dem": 9141}, "president": {"rep": 19231, "dem": 8694}, "house": {"rep": 18056, "dem": 8305}}, "fips": "005", "id": 3, "name": "Armstrong"}, {"raw": {"C2-0": {"REP": 37905, "DEM": 39745, "LIB": 1683}, "C13-16": {"REP": 5398, "DEM": 10016}, "C6-0": {"REP": 36500, "DEM": 37929, "LIB": 3737}, "C12-47": {"REP": 42926, "DEM": 30862}, "C13-9": {"REP": 549, "DEM": 339}, "C13-14": {"R/D": 23128}, "C13-46": {"R/D": 1550}, "C7-0": {"REP": 34979, "DEM": 39093, "LIB": 3540}, "C13-10": {"REP": 4611, "DEM": 4029}, "C1-0": {"GRN": 278, "REP": 42118, "DEM": 36833, "LIB": 786}, "C13-15": {"REP": 17373, "DEM": 11092}, "C11-12": {"REP": 38753, "DEM": 39591}, "C5-0": {"REP": 33271, "DEM": 42492, "LIB": 2779}}, "votes": {"senate": {"rep": 37905, "dem": 39745}, "president": {"rep": 42118, "dem": 36833}, "house": {"rep": 38753, "dem": 39591}}, "fips": "007", "id": 4, "name": "Beaver"}, {"raw": {"C2-0": {"REP": 15508, "DEM": 5498, "LIB": 343}, "C6-0": {"REP": 14985, "DEM": 4775, "LIB": 1131}, "C11-9": {"REP": 15573, "DEM": 5682}, "C7-0": {"REP": 14317, "DEM": 5681, "LIB": 876}, "C13-78": {"R/D": 17778}, "C13-69": {"R/D": 2926}, "C1-0": {"GRN": 63, "REP": 16509, "DEM": 4730, "LIB": 142}, "C5-0": {"REP": 13373, "DEM": 7351, "LIB": 470}}, "votes": {"senate": {"rep": 15508, "dem": 5498}, "president": {"rep": 16509, "dem": 4730}, "house": {"rep": 15573, "dem": 5682}}, "fips": "009", "id": 5, "name": "Bedford"}, {"raw": {"C2-0": {"REP": 75095, "DEM": 81305, "LIB": 2738}, "C11-6": {"REP": 44980, "DEM": 30314}, "C13-130": {"REP": 19118, "DEM": 11313}, "C6-0": {"REP": 80410, "DEM": 67628, "LIB": 5629}, "C13-125": {"REP": 2642, "DEM": 1364}, "C13-126": {"REP": 6847, "DEM": 16358}, "C13-127": {"DEM": 13817}, "C13-128": {"REP": 23519}, "C13-129": {"REP": 17051, "DEM": 11824}, "C13-134": {"REP": 2688, "DEM": 1601}, "C11-7": {"REP": 16739, "DEM": 9202}, "C12-11": {"REP": 33764, "DEM": 61565}, "C12-29": {"REP": 6771, "DEM": 3665}, "C7-0": {"REP": 73803, "DEM": 74767, "LIB": 4850}, "C13-187": {"REP": 4673, "DEM": 3660}, "C11-16": {"BFC": 380, "IND": 1330, "REP": 9556, "DEM": 21018}, "C13-124": {"IND": 1584, "REP": 8190}, "C1-0": {"GRN": 749, "REP": 80857, "DEM": 79895, "LIB": 1752}, "C11-15": {"REP": 14052, "DEM": 8182}, "C5-0": {"REP": 70164, "DEM": 83942, "LIB": 3002}}, "votes": {"senate": {"rep": 75095, "dem": 81305}, "president": {"rep": 80857, "dem": 79895}, "house": {"rep": 85327, "dem": 68716}}, "fips": "011", "id": 6, "name": "Berks"}, {"raw": {"C2-0": {"REP": 29936, "DEM": 16614, "LIB": 1051}, "C6-0": {"REP": 29765, "DEM": 14863, "LIB": 2425}, "C11-9": {"REP": 30837, "DEM": 16365}, "C7-0": {"REP": 28522, "DEM": 16414, "LIB": 2019}, "C13-80": {"REP": 21813}, "C13-81": {"REP": 1603}, "C13-79": {"REP": 11304, "DEM": 9393}, "C1-0": {"GRN": 176, "REP": 31500, "DEM": 15516, "LIB": 439}, "C5-0": {"REP": 26185, "DEM": 20023, "LIB": 1313}}, "votes": {"senate": {"rep": 29936, "dem": 16614}, "president": {"rep": 31500, "dem": 15516}, "house": {"rep": 30837, "dem": 16365}}, "fips": "013", "id": 7, "name": "Blair"}, {"raw": {"C2-0": {"REP": 13868, "DEM": 7921, "LIB": 569}, "C6-0": {"REP": 13703, "DEM": 6446, "LIB": 1501}, "C5-0": {"REP": 12326, "DEM": 8981, "LIB": 709}, "C13-110": {"REP": 13660}, "C7-0": {"REP": 13492, "DEM": 7095, "LIB": 1087}, "C13-68": {"R/D": 6166}, "C12-23": {"REP": 15741, "DEM": 6174}, "C1-0": {"GRN": 143, "REP": 13827, "DEM": 8291, "LIB": 240}, "C11-10": {"REP": 15255, "DEM": 6519}}, "votes": {"senate": {"rep": 13868, "dem": 7921}, "president": {"rep": 13827, "dem": 8291}, "house": {"rep": 15255, "dem": 6519}}, "fips": "015", "id": 8, "name": "Bradford"}, {"raw": {"C2-0": {"REP": 146918, "DEM": 161373, "LIB": 4297}, "C13-31": {"REP": 15010, "DEM": 20495}, "C13-145": {"REP": 19639, "DEM": 10711}, "C6-0": {"REP": 154402, "DEM": 143477, "LIB": 7302}, "C13-143": {"REP": 21333, "DEM": 13161}, "C13-140": {"REP": 6755, "DEM": 18412}, "C13-141": {"REP": 6653, "DEM": 17600}, "C5-0": {"REP": 143310, "DEM": 161539, "LIB": 5019}, "C13-29": {"REP": 20861, "DEM": 14904}, "C11-8": {"REP": 175118, "DEM": 137130}, "C7-0": {"REP": 147523, "DEM": 150372, "LIB": 6635}, "C13-178": {"REP": 24789}, "C13-142": {"REP": 20528}, "C13-144": {"REP": 25393}, "C1-0": {"GRN": 1067, "REP": 155876, "DEM": 159598, "LIB": 2866}, "C13-18": {"REP": 18776}}, "votes": {"senate": {"rep": 146918, "dem": 161373}, "president": {"rep": 155876, "dem": 159598}, "house": {"rep": 175118, "dem": 137130}}, "fips": "017", "id": 9, "name": "Bucks"}, {"raw": {"C2-0": {"REP": 55604, "DEM": 30235, "LIB": 1721}, "C12-41": {"REP": 11502}, "C13-12": {"REP": 28829}, "C6-0": {"REP": 55097, "DEM": 26911, "LIB": 4054}, "C12-21": {"REP": 21360}, "C13-8": {"REP": 15884}, "C7-0": {"REP": 52529, "DEM": 29221, "LIB": 3903}, "C13-64": {"REP": 1310}, "C13-10": {"REP": 1626, "DEM": 1665}, "C13-11": {"R/D": 25382}, "C11-3": {"IND": 2836, "REP": 58994, "DEM": 25208}, "C1-0": {"GRN": 314, "REP": 58900, "DEM": 28107, "LIB": 804}, "C5-0": {"REP": 49233, "DEM": 34438, "LIB": 2948}}, "votes": {"senate": {"rep": 55604, "dem": 30235}, "president": {"rep": 58900, "dem": 28107}, "house": {"rep": 58994, "dem": 25208}}, "fips": "019", "id": 10, "name": "Butler"}, {"raw": {"C2-0": {"REP": 28717, "DEM": 27613, "LIB": 1288}, "C13-72": {"DEM": 11355}, "C6-0": {"REP": 26482, "DEM": 26275, "LIB": 3409}, "C11-9": {"REP": 6059, "DEM": 4638}, "C11-12": {"REP": 17331, "DEM": 29333}, "C7-0": {"REP": 24546, "DEM": 28644, "LIB": 2785}, "C1-0": {"GRN": 386, "REP": 33464, "DEM": 23181, "LIB": 687}, "C13-73": {"REP": 7985, "DEM": 13454}, "C12-35": {"REP": 27720, "DEM": 29471}, "C13-71": {"REP": 9792, "DEM": 12437}, "C5-0": {"REP": 22447, "DEM": 32729, "LIB": 1885}}, "votes": {"senate": {"rep": 28717, "dem": 27613}, "president": {"rep": 33464, "dem": 23181}, "house": {"rep": 23390, "dem": 33971}}, "fips": "021", "id": 11, "name": "Cambria"}, {"raw": {"C2-0": {"REP": 1190, "DEM": 711, "LIB": 68}, "C11-5": {"REP": 1325, "DEM": 605}, "C6-0": {"REP": 1137, "DEM": 635, "LIB": 133}, "C12-25": {"REP": 1604}, "C7-0": {"REP": 1063, "DEM": 722, "LIB": 108}, "C13-67": {"REP": 1616}, "C1-0": {"GRN": 8, "REP": 1264, "DEM": 677, "LIB": 18}, "C5-0": {"REP": 1002, "DEM": 853, "LIB": 80}}, "votes": {"senate": {"rep": 1190, "dem": 711}, "president": {"rep": 1264, "dem": 677}, "house": {"rep": 1325, "dem": 605}}, "fips": "023", "id": 12, "name": "Cameron"}, {"raw": {"C2-0": {"REP": 12033, "DEM": 11330, "LIB": 568}, "C13-122": {"REP": 14194, "DEM": 9892}, "C6-0": {"REP": 11245, "DEM": 10165, "LIB": 1451}, "C12-29": {"REP": 6940, "DEM": 4457}, "C7-0": {"REP": 10539, "DEM": 11055, "LIB": 1168}, "C11-17": {"REP": 7844, "DEM": 8498}, "C1-0": {"GRN": 138, "REP": 12710, "DEM": 11040, "LIB": 344}, "C11-11": {"REP": 4350, "DEM": 2416}, "C5-0": {"REP": 10173, "DEM": 12583, "LIB": 719}}, "votes": {"senate": {"rep": 12033, "dem": 11330}, "president": {"rep": 12710, "dem": 11040}, "house": {"rep": 12194, "dem": 10914}}, "fips": "025", "id": 13, "name": "Carbon"}, {"raw": {"C2-0": {"REP": 31900, "DEM": 33791, "LIB": 2195}, "C11-5": {"REP": 36766, "DEM": 30268}, "C6-0": {"REP": 32221, "DEM": 29318, "LIB": 4625}, "C7-0": {"REP": 30321, "DEM": 31701, "LIB": 3899}, "C13-77": {"REP": 10517, "DEM": 19974}, "C13-76": {"DEM": 6164}, "C1-0": {"GRN": 396, "REP": 33697, "DEM": 33677, "LIB": 1031}, "C12-35": {"REP": 1186, "DEM": 1456}, "C13-171": {"REP": 17552, "DEM": 10278}, "C5-0": {"REP": 26508, "DEM": 37832, "LIB": 2802}}, "votes": {"senate": {"rep": 31900, "dem": 33791}, "president": {"rep": 33697, "dem": 33677}, "house": {"rep": 36766, "dem": 30268}}, "fips": "027", "id": 14, "name": "Centre"}, {"raw": {"C2-0": {"REP": 117862, "DEM": 123595, "LIB": 4534}, "C11-6": {"REP": 87161, "DEM": 68545}, "C13-26": {"REP": 17852, "DEM": 13717}, "C13-167": {"REP": 20690, "DEM": 14627}, "C6-0": {"REP": 126751, "DEM": 102584, "LIB": 11405}, "C13-158": {"REP": 19584, "DEM": 13887}, "C13-160": {"REP": 4663}, "C11-7": {"REP": 29561, "DEM": 17925}, "C13-156": {"REP": 16944, "DEM": 16048}, "C7-0": {"REP": 119786, "DEM": 111202, "LIB": 9607}, "C13-168": {"REP": 3540, "DEM": 2382}, "C12-9": {"REP": 31533, "DEM": 20582}, "C12-19": {"REP": 55127, "DEM": 76366}, "C11-16": {"BFC": 197, "IND": 1943, "REP": 19471, "DEM": 18975}, "C13-13": {"REP": 17737, "DEM": 15546}, "C1-0": {"GRN": 725, "REP": 123280, "DEM": 122232, "LIB": 2058}, "C13-155": {"REP": 19601, "DEM": 16976}, "C13-157": {"REP": 13968, "DEM": 13593}, "C5-0": {"REP": 115190, "DEM": 122397, "LIB": 6283}}, "votes": {"senate": {"rep": 117862, "dem": 123595}, "president": {"rep": 123280, "dem": 122232}, "house": {"rep": 136193, "dem": 105445}}, "fips": "029", "id": 15, "name": "Chester"}, {"raw": {"C2-0": {"REP": 9885, "DEM": 4787, "LIB": 555}, "C11-5": {"REP": 7232, "DEM": 2937}, "C6-0": {"REP": 9380, "DEM": 4542, "LIB": 975}, "C12-21": {"REP": 12622}, "C7-0": {"REP": 8644, "DEM": 5349, "LIB": 867}, "C13-63": {"R/D": 14589}, "C11-3": {"IND": 217, "REP": 3247, "DEM": 1375}, "C1-0": {"GRN": 76, "REP": 10228, "DEM": 4731, "LIB": 192}, "C5-0": {"REP": 8247, "DEM": 6193, "LIB": 581}}, "votes": {"senate": {"rep": 9885, "dem": 4787}, "president": {"rep": 10228, "dem": 4731}, "house": {"rep": 10479, "dem": 4312}}, "fips": "031", "id": 16, "name": "Clarion"}, {"raw": {"C2-0": {"REP": 19826, "DEM": 11280, "LIB": 713}, "C12-41": {"REP": 5094}, "C11-5": {"REP": 21786, "DEM": 9608}, "C13-74": {"REP": 13377, "DEM": 8591}, "C6-0": {"REP": 18223, "DEM": 10724, "LIB": 2101}, "C12-25": {"REP": 12397}, "C7-0": {"REP": 16994, "DEM": 12379, "LIB": 1616}, "C13-75": {"REP": 8464}, "C1-0": {"GRN": 160, "REP": 20303, "DEM": 11093, "LIB": 338}, "C12-35": {"REP": 5086, "DEM": 4975}, "C5-0": {"REP": 15473, "DEM": 14963, "LIB": 1090}}, "votes": {"senate": {"rep": 19826, "dem": 11280}, "president": {"rep": 20303, "dem": 11093}, "house": {"rep": 21786, "dem": 9608}}, "fips": "033", "id": 17, "name": "Clearfield"}, {"raw": {"C2-0": {"REP": 6663, "DEM": 5635, "LIB": 284}, "C11-5": {"REP": 7852, "DEM": 4540}, "C6-0": {"REP": 6273, "DEM": 5217, "LIB": 711}, "C7-0": {"REP": 6091, "DEM": 5565, "LIB": 569}, "C13-76": {"DEM": 10281}, "C1-0": {"GRN": 55, "REP": 6941, "DEM": 5503, "LIB": 163}, "C12-35": {"REP": 6165, "DEM": 6248}, "C5-0": {"REP": 5380, "DEM": 6673, "LIB": 399}}, "votes": {"senate": {"rep": 6663, "dem": 5635}, "president": {"rep": 6941, "dem": 5503}, "house": {"rep": 7852, "dem": 4540}}, "fips": "035", "id": 18, "name": "Clinton"}, {"raw": {"C2-0": {"REP": 12779, "DEM": 10802, "LIB": 558}, "C12-27": {"REP": 19397}, "C13-109": {"REP": 12126, "DEM": 10256}, "C6-0": {"REP": 12183, "DEM": 9957, "LIB": 1350}, "C13-117": {"R/D": 686}, "C13-107": {"REP": 581, "DEM": 371}, "C7-0": {"REP": 11783, "DEM": 10393, "LIB": 1192}, "C1-0": {"GRN": 123, "REP": 13445, "DEM": 10424, "LIB": 313}, "C11-11": {"REP": 14849, "DEM": 9092}, "C5-0": {"REP": 11111, "DEM": 12015, "LIB": 726}}, "votes": {"senate": {"rep": 12779, "dem": 10802}, "president": {"rep": 13445, "dem": 10424}, "house": {"rep": 14849, "dem": 9092}}, "fips": "037", "id": 19, "name": "Columbia"}, {"raw": {"C2-0": {"REP": 19784, "DEM": 12321, "LIB": 860}, "C11-5": {"REP": 1166, "DEM": 744}, "C1-0": {"GRN": 154, "REP": 19497, "DEM": 13024, "LIB": 414}, "C6-0": {"REP": 19028, "DEM": 11448, "LIB": 1701}, "C13-6": {"REP": 15844}, "C7-0": {"REP": 17844, "DEM": 12765, "LIB": 1506}, "C13-5": {"REP": 3567, "DEM": 2293}, "C11-3": {"IND": 1691, "REP": 17658, "DEM": 11513}, "C13-17": {"REP": 4842}, "C5-0": {"REP": 17608, "DEM": 13478, "LIB": 1342}}, "votes": {"senate": {"rep": 19784, "dem": 12321}, "president": {"rep": 19497, "dem": 13024}, "house": {"rep": 18824, "dem": 12257}}, "fips": "039", "id": 20, "name": "Crawford"}, {"raw": {"C2-0": {"REP": 60894, "DEM": 45930, "LIB": 2422}, "C11-4": {"IND": 1902, "REP": 37038, "DEM": 18964, "LIB": 1175}, "C6-0": {"REP": 64097, "DEM": 38286, "LIB": 5191}, "C13-89": {"REP": 2821, "DEM": 2809}, "C7-0": {"REP": 58731, "DEM": 43468, "LIB": 4904}, "C13-92": {"REP": 5538, "DEM": 2353}, "C13-87": {"REP": 29624}, "C12-31": {"R/D": 103133}, "C13-88": {"REP": 25327}, "C1-0": {"GRN": 442, "REP": 64365, "DEM": 43983, "LIB": 1174}, "C13-199": {"REP": 21415}, "C11-11": {"REP": 30234, "DEM": 18262}, "C5-0": {"REP": 62001, "DEM": 43983, "LIB": 2902}}, "votes": {"senate": {"rep": 60894, "dem": 45930}, "president": {"rep": 64365, "dem": 43983}, "house": {"rep": 67272, "dem": 37226}}, "fips": "041", "id": 21, "name": "Cumberland"}, {"raw": {"C2-0": {"REP": 53179, "DEM": 64699, "LIB": 1632}, "C12-27": {"REP": 5463}, "C11-4": {"IND": 176, "REP": 2778, "DEM": 14024, "LIB": 150}, "C6-0": {"REP": 56294, "DEM": 57595, "LIB": 2829}, "C13-103": {"DEM": 19490}, "C13-106": {"REP": 18721, "DEM": 10162}, "C13-104": {"REP": 15902, "DEM": 13264}, "C13-105": {"REP": 22436, "DEM": 12073}, "C7-0": {"REP": 51438, "DEM": 61841, "LIB": 2767}, "C12-15": {"REP": 50650, "DEM": 57271}, "C13-98": {"REP": 2672}, "C11-15": {"REP": 18998, "DEM": 11179}, "C1-0": {"GRN": 461, "REP": 56838, "DEM": 64209, "LIB": 1117}, "C11-11": {"REP": 35103, "DEM": 34219}, "C5-0": {"REP": 52034, "DEM": 64993, "LIB": 1872}}, "votes": {"senate": {"rep": 53179, "dem": 64699}, "president": {"rep": 56838, "dem": 64209}, "house": {"rep": 56879, "dem": 59422}}, "fips": "043", "id": 22, "name": "Dauphin"}, {"raw": {"C2-0": {"REP": 98659, "DEM": 164024, "LIB": 2579}, "C11-7": {"REP": 110644, "DEM": 78756}, "C6-0": {"REP": 111790, "DEM": 141840, "LIB": 4677}, "C11-1": {"REP": 13316, "DEM": 59608}, "C13-165": {"REP": 18754, "DEM": 10813}, "C13-185": {"DEM": 6027}, "C13-159": {"REP": 4352, "DEM": 17272}, "C7-0": {"REP": 105874, "DEM": 148194, "LIB": 4197}, "C13-168": {"REP": 15884, "DEM": 11792}, "C12-9": {"REP": 39453, "DEM": 36667}, "C13-163": {"REP": 14003, "DEM": 13649}, "C12-17": {"REP": 17159, "DEM": 22369}, "C13-164": {"REP": 8339, "DEM": 16886}, "C13-191": {"DEM": 5791}, "C13-166": {"REP": 12077, "DEM": 20637}, "C1-0": {"GRN": 868, "REP": 105270, "DEM": 164805, "LIB": 1910}, "C13-160": {"REP": 22475}, "C13-161": {"REP": 17125, "DEM": 15256}, "C13-162": {"R/D": 24291}, "C5-0": {"REP": 101115, "DEM": 158736, "LIB": 3053}}, "votes": {"senate": {"rep": 98659, "dem": 164024}, "president": {"rep": 105270, "dem": 164805}, "house": {"rep": 123960, "dem": 138364}}, "fips": "045", "id": 23, "name": "Delaware"}, {"raw": {"C2-0": {"REP": 6746, "DEM": 5258, "LIB": 367}, "C11-5": {"REP": 7877, "DEM": 4370}, "C6-0": {"REP": 6237, "DEM": 5087, "LIB": 843}, "C12-25": {"REP": 10068}, "C7-0": {"REP": 5830, "DEM": 5612, "LIB": 642}, "C13-75": {"REP": 10332}, "C1-0": {"GRN": 73, "REP": 7099, "DEM": 5144, "LIB": 109}, "C5-0": {"REP": 5554, "DEM": 6301, "LIB": 429}}, "votes": {"senate": {"rep": 6746, "dem": 5258}, "president": {"rep": 7099, "dem": 5144}, "house": {"rep": 7877, "dem": 4370}}, "fips": "047", "id": 24, "name": "Elk"}, {"raw": {"C2-0": {"REP": 45888, "DEM": 62602, "LIB": 2721}, "C13-1": {"DEM": 16494}, "C11-5": {"REP": 24810, "DEM": 21423}, "C13-2": {"DEM": 19152}, "C6-0": {"REP": 47016, "DEM": 55602, "LIB": 5364}, "C13-4": {"REP": 18005}, "C12-21": {"REP": 10593}, "C12-49": {"REP": 38195, "DEM": 58436}, "C13-3": {"REP": 13191, "DEM": 15338}, "C7-0": {"REP": 40709, "DEM": 62007, "LIB": 4699}, "C11-3": {"IND": 3430, "REP": 23261, "DEM": 36431}, "C1-0": {"GRN": 448, "REP": 46102, "DEM": 65136, "LIB": 1046}, "C13-5": {"REP": 8975, "DEM": 7909}, "C5-0": {"REP": 42684, "DEM": 62103, "LIB": 4219}}, "votes": {"senate": {"rep": 45888, "dem": 62602}, "president": {"rep": 46102, "dem": 65136}, "house": {"rep": 48071, "dem": 57854}}, "fips": "049", "id": 25, "name": "Erie"}, {"raw": {"C2-0": {"REP": 22796, "DEM": 24161, "LIB": 838}, "C6-0": {"REP": 20934, "DEM": 23756, "LIB": 1823}, "C13-49": {"REP": 1303, "DEM": 2231}, "C11-9": {"REP": 23385, "DEM": 23065}, "C7-0": {"REP": 19835, "DEM": 24803, "LIB": 1755}, "C13-51": {"REP": 7356, "DEM": 12725}, "C13-50": {"REP": 1287, "DEM": 3218}, "C13-52": {"DEM": 12442}, "C1-0": {"GRN": 150, "REP": 25845, "DEM": 21841, "LIB": 360}, "C13-59": {"REP": 1688, "DEM": 704}, "C13-58": {"DEM": 983}, "C5-0": {"REP": 18619, "DEM": 27212, "LIB": 1180}}, "votes": {"senate": {"rep": 22796, "dem": 24161}, "president": {"rep": 25845, "dem": 21841}, "house": {"rep": 23385, "dem": 23065}}, "fips": "051", "id": 26, "name": "Fayette"}, {"raw": {"C2-0": {"REP": 1354, "DEM": 882, "LIB": 61}, "C11-5": {"REP": 1481, "DEM": 772}, "C6-0": {"REP": 1300, "DEM": 796, "LIB": 146}, "C12-21": {"REP": 1745}, "C7-0": {"REP": 1222, "DEM": 854, "LIB": 150}, "C13-65": {"REP": 1821}, "C1-0": {"GRN": 10, "REP": 1381, "DEM": 894, "LIB": 23}, "C5-0": {"REP": 1124, "DEM": 1054, "LIB": 92}}, "votes": {"senate": {"rep": 1354, "dem": 882}, "president": {"rep": 1381, "dem": 894}, "house": {"rep": 1481, "dem": 772}}, "fips": "053", "id": 27, "name": "Forest"}, {"raw": {"C2-0": {"REP": 41568, "DEM": 19658, "LIB": 1285}, "C1-0": {"GRN": 251, "REP": 43072, "DEM": 18910, "LIB": 569}, "C6-0": {"REP": 41378, "DEM": 16292, "LIB": 3543}, "C13-90": {"REP": 25902}, "C13-89": {"REP": 15335, "DEM": 8997}, "C11-9": {"REP": 42418, "DEM": 19138}, "C13-91": {"REP": 316}, "C7-0": {"REP": 39968, "DEM": 18229, "LIB": 2867}, "C13-86": {"REP": 5963}, "C12-33": {"REP": 44958, "DEM": 16576}, "C5-0": {"REP": 37245, "DEM": 22825, "LIB": 1814}}, "votes": {"senate": {"rep": 41568, "dem": 19658}, "president": {"rep": 43072, "dem": 18910}, "house": {"rep": 42418, "dem": 19138}}, "fips": "055", "id": 28, "name": "Franklin"}, {"raw": {"C2-0": {"REP": 4382, "DEM": 1590, "LIB": 125}, "C6-0": {"REP": 4330, "DEM": 1218, "LIB": 341}, "C11-9": {"REP": 4369, "DEM": 1684}, "C7-0": {"REP": 4183, "DEM": 1455, "LIB": 266}, "C13-78": {"R/D": 5881}, "C1-0": {"GRN": 21, "REP": 4780, "DEM": 1297, "LIB": 50}, "C5-0": {"REP": 4087, "DEM": 1680, "LIB": 191}}, "votes": {"senate": {"rep": 4382, "dem": 1590}, "president": {"rep": 4780, "dem": 1297}, "house": {"rep": 4369, "dem": 1684}}, "fips": "057", "id": 29, "name": "Fulton"}, {"raw": {"C2-0": {"REP": 6870, "DEM": 6452, "LIB": 262}, "C6-0": {"REP": 6428, "DEM": 6025, "LIB": 664}, "C11-9": {"REP": 2827, "DEM": 3326}, "C7-0": {"REP": 6016, "DEM": 6571, "LIB": 554}, "C13-50": {"REP": 5785, "DEM": 7774}, "C11-18": {"REP": 4298, "DEM": 2764}, "C1-0": {"GRN": 66, "REP": 7985, "DEM": 5564, "LIB": 111}, "C5-0": {"REP": 5553, "DEM": 7389, "LIB": 416}}, "votes": {"senate": {"rep": 6870, "dem": 6452}, "president": {"rep": 7985, "dem": 5564}, "house": {"rep": 7125, "dem": 6090}}, "fips": "059", "id": 30, "name": "Greene"}, {"raw": {"C2-0": {"REP": 11285, "DEM": 5817, "LIB": 433}, "C11-5": {"REP": 8761, "DEM": 3802}, "C6-0": {"REP": 11216, "DEM": 4838, "LIB": 1072}, "C11-9": {"REP": 3166, "DEM": 1464}, "C7-0": {"REP": 10796, "DEM": 5521, "LIB": 813}, "C13-81": {"REP": 13504}, "C13-78": {"R/D": 982}, "C1-0": {"GRN": 116, "REP": 11953, "DEM": 5383, "LIB": 135}, "C5-0": {"REP": 9709, "DEM": 7119, "LIB": 520}}, "votes": {"senate": {"rep": 11285, "dem": 5817}, "president": {"rep": 11953, "dem": 5383}, "house": {"rep": 11927, "dem": 5266}}, "fips": "061", "id": 31, "name": "Huntingdon"}, {"raw": {"C2-0": {"REP": 20383, "DEM": 14847, "LIB": 839}, "C12-41": {"REP": 28227}, "C6-0": {"REP": 19058, "DEM": 14063, "LIB": 2176}, "C11-9": {"REP": 21883, "DEM": 13459}, "C13-60": {"REP": 4515, "DEM": 2144}, "C7-0": {"REP": 18155, "DEM": 14952, "LIB": 2018}, "C13-62": {"REP": 19288}, "C13-66": {"REP": 3149}, "C1-0": {"GRN": 206, "REP": 21187, "DEM": 14403, "LIB": 384}, "C5-0": {"REP": 17369, "DEM": 17078, "LIB": 1221}}, "votes": {"senate": {"rep": 20383, "dem": 14847}, "president": {"rep": 21187, "dem": 14403}, "house": {"rep": 21883, "dem": 13459}}, "fips": "063", "id": 32, "name": "Indiana"}, {"raw": {"C2-0": {"REP": 12031, "DEM": 4614, "LIB": 412}, "C11-5": {"REP": 12584, "DEM": 4251}, "C6-0": {"REP": 11065, "DEM": 4691, "LIB": 1016}, "C12-25": {"REP": 14402}, "C7-0": {"REP": 10670, "DEM": 5261, "LIB": 817}, "C13-66": {"REP": 14021}, "C1-0": {"GRN": 82, "REP": 12288, "DEM": 4535, "LIB": 167}, "C5-0": {"REP": 9739, "DEM": 6558, "LIB": 602}}, "votes": {"senate": {"rep": 12031, "dem": 4614}, "president": {"rep": 12288, "dem": 4535}, "house": {"rep": 12584, "dem": 4251}}, "fips": "065", "id": 33, "name": "Jefferson"}, {"raw": {"C2-0": {"REP": 6295, "DEM": 2999, "LIB": 204}, "C6-0": {"REP": 6284, "DEM": 2400, "LIB": 549}, "C5-0": {"REP": 5607, "DEM": 3574, "LIB": 242}, "C13-82": {"REP": 7549}, "C7-0": {"REP": 5846, "DEM": 2888, "LIB": 487}, "C1-0": {"GRN": 43, "REP": 6821, "DEM": 2533, "LIB": 83}, "C11-10": {"REP": 6777, "DEM": 2370}}, "votes": {"senate": {"rep": 6295, "dem": 2999}, "president": {"rep": 6821, "dem": 2533}, "house": {"rep": 6777, "dem": 2370}}, "fips": "067", "id": 34, "name": "Juniata"}, {"raw": {"C2-0": {"REP": 30621, "DEM": 64419, "LIB": 1527}, "C6-0": {"REP": 30882, "DEM": 56408, "LIB": 4857}, "C5-0": {"REP": 24441, "DEM": 68854, "LIB": 2084}, "C13-115": {"REP": 7091, "DEM": 13403}, "C13-114": {"R/D": 21895}, "C13-113": {"DEM": 19262}, "C13-112": {"REP": 5841, "DEM": 17020}, "C7-0": {"REP": 27228, "DEM": 59689, "LIB": 4255}, "C11-17": {"REP": 15944, "DEM": 48500}, "C1-0": {"GRN": 341, "REP": 34730, "DEM": 61309, "LIB": 736}, "C11-10": {"REP": 15239, "DEM": 13841}}, "votes": {"senate": {"rep": 30621, "dem": 64419}, "president": {"rep": 34730, "dem": 61309}, "house": {"rep": 31183, "dem": 62341}}, "fips": "069", "id": 35, "name": "Lackawanna"}, {"raw": {"C2-0": {"REP": 125915, "DEM": 87522, "LIB": 4299}, "C11-7": {"REP": 6350, "DEM": 1986}, "C11-16": {"BFC": 4516, "IND": 8785, "REP": 125310, "DEM": 69033}, "C6-0": {"REP": 128507, "DEM": 74810, "LIB": 10068}, "C13-100": {"REP": 18689}, "C13-96": {"IND": 1561, "REP": 5451, "DEM": 14456}, "C7-0": {"REP": 124240, "DEM": 80260, "LIB": 8454}, "C13-43": {"REP": 18695, "DEM": 10361}, "C13-97": {"REP": 24800}, "C13-41": {"REP": 20049, "DEM": 13466}, "C13-99": {"REP": 19035}, "C13-37": {"REP": 20883, "DEM": 7642}, "C1-0": {"GRN": 737, "REP": 129364, "DEM": 87108, "LIB": 2468}, "C12-13": {"REP": 49527, "DEM": 41459}, "C13-98": {"REP": 18576}, "C5-0": {"REP": 117232, "DEM": 93810, "LIB": 5003}}, "votes": {"senate": {"rep": 125915, "dem": 87522}, "president": {"rep": 129364, "dem": 87108}, "house": {"rep": 131660, "dem": 71019}}, "fips": "071", "id": 36, "name": "Lancaster"}, {"raw": {"C2-0": {"REP": 19260, "DEM": 18550, "LIB": 688}, "C6-0": {"REP": 18753, "DEM": 17346, "LIB": 1672}, "C12-47": {"REP": 13724, "DEM": 11747}, "C13-9": {"REP": 9348, "DEM": 13412}, "C7-0": {"REP": 17820, "DEM": 18334, "LIB": 1415}, "C11-3": {"IND": 1231, "REP": 16063, "DEM": 13505}, "C13-10": {"REP": 5829, "DEM": 7807}, "C1-0": {"GRN": 141, "REP": 20915, "DEM": 17427, "LIB": 333}, "C11-12": {"REP": 3503, "DEM": 3585}, "C13-17": {"REP": 1907}, "C5-0": {"REP": 17350, "DEM": 19717, "LIB": 1010}}, "votes": {"senate": {"rep": 19260, "dem": 18550}, "president": {"rep": 20915, "dem": 17427}, "house": {"rep": 19566, "dem": 17090}}, "fips": "073", "id": 37, "name": "Lawrence"}, {"raw": {"C2-0": {"REP": 32078, "DEM": 20057, "LIB": 1058}, "C11-6": {"REP": 13984, "DEM": 7340}, "C6-0": {"REP": 32774, "DEM": 16687, "LIB": 2446}, "C13-102": {"REP": 23353}, "C13-101": {"REP": 19620}, "C7-0": {"REP": 30771, "DEM": 18646, "LIB": 2336}, "C11-15": {"REP": 20786, "DEM": 9670}, "C1-0": {"GRN": 213, "REP": 34010, "DEM": 18975, "LIB": 573}, "C5-0": {"REP": 29868, "DEM": 21413, "LIB": 1381}}, "votes": {"senate": {"rep": 32078, "dem": 20057}, "president": {"rep": 34010, "dem": 18975}, "house": {"rep": 34770, "dem": 17010}}, "fips": "075", "id": 38, "name": "Lebanon"}, {"raw": {"C2-0": {"REP": 57394, "DEM": 74600, "LIB": 2608}, "C13-132": {"DEM": 17341}, "C13-131": {"REP": 12944, "DEM": 12812}, "C6-0": {"REP": 58583, "DEM": 65860, "LIB": 6684}, "C13-135": {"REP": 2554, "DEM": 5538}, "C13-134": {"REP": 16441, "DEM": 10883}, "C12-29": {"REP": 4736, "DEM": 2921}, "C13-133": {"REP": 6516, "DEM": 10320}, "C7-0": {"REP": 55678, "DEM": 70371, "LIB": 5185}, "C13-183": {"REP": 11544}, "C13-187": {"REP": 14020, "DEM": 7267}, "C11-15": {"REP": 70705, "DEM": 64439}, "C1-0": {"GRN": 485, "REP": 62036, "DEM": 73262, "LIB": 1243}, "C5-0": {"REP": 55440, "DEM": 74854, "LIB": 4109}}, "votes": {"senate": {"rep": 57394, "dem": 74600}, "president": {"rep": 62036, "dem": 73262}, "house": {"rep": 70705, "dem": 64439}}, "fips": "077", "id": 39, "name": "Lehigh"}, {"raw": {"C2-0": {"REP": 52859, "DEM": 66600, "LIB": 2729}, "C12-27": {"REP": 5635}, "C13-120": {"REP": 11002, "DEM": 14051}, "C6-0": {"REP": 49414, "DEM": 58605, "LIB": 8054}, "C13-118": {"REP": 2791, "DEM": 9313}, "C13-121": {"DEM": 15539}, "C13-114": {"R/D": 1637}, "C13-117": {"R/D": 20074}, "C13-116": {"REP": 14603, "DEM": 7130}, "C7-0": {"REP": 45779, "DEM": 62917, "LIB": 5955}, "C11-17": {"REP": 10594, "DEM": 26352}, "C13-119": {"REP": 8403, "DEM": 13063}, "C1-0": {"GRN": 545, "REP": 57969, "DEM": 63974, "LIB": 1253}, "C11-11": {"REP": 49613, "DEM": 34485}, "C5-0": {"REP": 44610, "DEM": 71189, "LIB": 3808}}, "votes": {"senate": {"rep": 52859, "dem": 66600}, "president": {"rep": 57969, "dem": 63974}, "house": {"rep": 60207, "dem": 60837}}, "fips": "079", "id": 40, "name": "Luzerne"}, {"raw": {"C2-0": {"REP": 28869, "DEM": 16084, "LIB": 941}, "C6-0": {"REP": 27418, "DEM": 14953, "LIB": 2446}, "C13-83": {"REP": 9304, "DEM": 13259}, "C5-0": {"REP": 25492, "DEM": 18501, "LIB": 1384}, "C7-0": {"REP": 27494, "DEM": 15316, "LIB": 1974}, "C13-84": {"REP": 20178}, "C12-23": {"REP": 31981, "DEM": 13480}, "C1-0": {"GRN": 218, "REP": 30490, "DEM": 15104, "LIB": 402}, "C11-10": {"REP": 32865, "DEM": 12653}}, "votes": {"senate": {"rep": 28869, "dem": 16084}, "president": {"rep": 30490, "dem": 15104}, "house": {"rep": 32865, "dem": 12653}}, "fips": "081", "id": 41, "name": "Lycoming"}, {"raw": {"C2-0": {"REP": 9217, "DEM": 5331, "LIB": 314}, "C11-5": {"REP": 10298, "DEM": 4319}, "C6-0": {"REP": 9291, "DEM": 4365, "LIB": 748}, "C12-25": {"REP": 11923}, "C7-0": {"REP": 8833, "DEM": 4997, "LIB": 590}, "C13-65": {"REP": 2664}, "C13-67": {"REP": 9566}, "C1-0": {"GRN": 86, "REP": 9494, "DEM": 5260, "LIB": 174}, "C5-0": {"REP": 8628, "DEM": 5485, "LIB": 436}}, "votes": {"senate": {"rep": 9217, "dem": 5331}, "president": {"rep": 9494, "dem": 5260}, "house": {"rep": 10298, "dem": 4319}}, "fips": "083", "id": 42, "name": "McKean"}, {"raw": {"C2-0": {"REP": 23260, "DEM": 23139, "LIB": 1045}, "C6-0": {"REP": 23075, "DEM": 21219, "LIB": 2238}, "C13-7": {"R/D": 23352}, "C13-8": {"REP": 6923}, "C7-0": {"REP": 22114, "DEM": 22426, "LIB": 1945}, "C11-3": {"IND": 1615, "REP": 22351, "DEM": 23568}, "C1-0": {"GRN": 208, "REP": 24304, "DEM": 23082, "LIB": 471}, "C13-17": {"REP": 11953}, "C5-0": {"REP": 21202, "DEM": 24152, "LIB": 1448}}, "votes": {"senate": {"rep": 23260, "dem": 23139}, "president": {"rep": 24304, "dem": 23082}, "house": {"rep": 22351, "dem": 23568}}, "fips": "085", "id": 43, "name": "Mercer"}, {"raw": {"C2-0": {"REP": 11058, "DEM": 4921, "LIB": 266}, "C6-0": {"REP": 11053, "DEM": 4025, "LIB": 742}, "C5-0": {"REP": 9495, "DEM": 6225, "LIB": 366}, "C13-82": {"REP": 7331}, "C7-0": {"REP": 10254, "DEM": 4870, "LIB": 628}, "C13-81": {"REP": 3264}, "C1-0": {"GRN": 52, "REP": 11893, "DEM": 4259, "LIB": 107}, "C13-171": {"REP": 2566, "DEM": 457}, "C11-10": {"REP": 11624, "DEM": 4110}}, "votes": {"senate": {"rep": 11058, "dem": 4921}, "president": {"rep": 11893, "dem": 4259}, "house": {"rep": 11624, "dem": 4110}}, "fips": "087", "id": 44, "name": "Mifflin"}, {"raw": {"C2-0": {"REP": 23894, "DEM": 31769, "LIB": 844}, "C13-189": {"REP": 9453, "DEM": 7759}, "C6-0": {"REP": 23696, "DEM": 29158, "LIB": 1497}, "C13-118": {"REP": 5772, "DEM": 7149}, "C5-0": {"REP": 21938, "DEM": 32565, "LIB": 969}, "C13-139": {"REP": 1625}, "C12-29": {"REP": 3963, "DEM": 3930}, "C7-0": {"REP": 22720, "DEM": 30189, "LIB": 1283}, "C11-17": {"REP": 15043, "DEM": 19891}, "C13-176": {"REP": 12715, "DEM": 10407}, "C1-0": {"GRN": 222, "REP": 25100, "DEM": 33431, "LIB": 559}, "C11-10": {"REP": 8766, "DEM": 10278}}, "votes": {"senate": {"rep": 23894, "dem": 31769}, "president": {"rep": 25100, "dem": 33431}, "house": {"rep": 23809, "dem": 30169}}, "fips": "089", "id": 45, "name": "Monroe"}, {"raw": {"C13-146": {"REP": 14585, "DEM": 14801}, "C13-147": {"REP": 19552, "DEM": 12288}, "C13-148": {"REP": 14759, "DEM": 20830}, "C13-149": {"REP": 10604, "DEM": 20358}, "C2-0": {"REP": 163502, "DEM": 233592, "LIB": 3679}, "C13-152": {"REP": 18291, "DEM": 10111}, "C7-0": {"REP": 166485, "DEM": 218871, "LIB": 5593}, "C13-61": {"REP": 20119, "DEM": 14434}, "C12-19": {"REP": 5689, "DEM": 5848}, "C12-17": {"REP": 26973, "DEM": 53638}, "C11-13": {"REP": 59476, "DEM": 113869}, "C5-0": {"REP": 163865, "DEM": 229530, "LIB": 4265}, "C11-7": {"REP": 40683, "DEM": 31198}, "C11-6": {"REP": 40883, "DEM": 34460}, "C6-0": {"REP": 177925, "DEM": 207421, "LIB": 5912}, "C11-2": {"IND": 341, "REP": 12097, "DEM": 23384}, "C11-8": {"REP": 24165, "DEM": 15385}, "C13-194": {"REP": 1785, "DEM": 4490}, "C13-151": {"REP": 19879, "DEM": 13457}, "C13-150": {"REP": 16588, "DEM": 13965}, "C13-153": {"REP": 11411, "DEM": 21113, "LIB": 322}, "C12-7": {"DEM": 13765}, "C13-154": {"REP": 8067, "DEM": 24961}, "C13-157": {"REP": 3168, "DEM": 2786}, "C13-170": {"DEM": 1333}, "C13-53": {"REP": 17068, "DEM": 11039}, "C1-0": {"GRN": 1170, "REP": 173176, "DEM": 230493, "LIB": 3205}, "C13-70": {"REP": 11086, "DEM": 20442}}, "votes": {"senate": {"rep": 163502, "dem": 233592}, "president": {"rep": 173176, "dem": 230493}, "house": {"rep": 177304, "dem": 218296}}, "fips": "091", "id": 46, "name": "Montgomery"}, {"raw": {"C2-0": {"REP": 4429, "DEM": 3112, "LIB": 189}, "C12-27": {"REP": 6011}, "C6-0": {"REP": 4290, "DEM": 2685, "LIB": 516}, "C13-107": {"REP": 4507, "DEM": 3138}, "C7-0": {"REP": 4126, "DEM": 2917, "LIB": 426}, "C1-0": {"GRN": 30, "REP": 4636, "DEM": 3026, "LIB": 95}, "C11-11": {"REP": 4603, "DEM": 2951}, "C5-0": {"REP": 3870, "DEM": 3497, "LIB": 240}}, "votes": {"senate": {"rep": 4429, "dem": 3112}, "president": {"rep": 4636, "dem": 3026}, "house": {"rep": 4603, "dem": 2951}}, "fips": "093", "id": 47, "name": "Montour"}, {"raw": {"C2-0": {"REP": 54975, "DEM": 66693, "LIB": 1741}, "C13-133": {"REP": 761, "DEM": 2971}, "C13-131": {"REP": 1282, "DEM": 852}, "C6-0": {"REP": 57653, "DEM": 58203, "LIB": 2912}, "C13-136": {"DEM": 17067}, "C13-135": {"REP": 5205, "DEM": 12498}, "C13-183": {"REP": 9369}, "C13-138": {"REP": 19797, "DEM": 11595}, "C12-29": {"REP": 2963, "DEM": 2211}, "C7-0": {"REP": 54257, "DEM": 61410, "LIB": 2708}, "C11-17": {"REP": 24702, "DEM": 28694}, "C13-137": {"REP": 18805, "DEM": 11834}, "C11-15": {"REP": 36690, "DEM": 30265}, "C1-0": {"GRN": 480, "REP": 60056, "DEM": 66085, "LIB": 1168}, "C5-0": {"REP": 52675, "DEM": 66772, "LIB": 1949}}, "votes": {"senate": {"rep": 54975, "dem": 66693}, "president": {"rep": 60056, "dem": 66085}, "house": {"rep": 61392, "dem": 58959}}, "fips": "095", "id": 48, "name": "Northampton"}, {"raw": {"C2-0": {"REP": 18122, "DEM": 12289, "LIB": 692}, "C12-27": {"REP": 24948}, "C13-108": {"REP": 17046}, "C6-0": {"REP": 16863, "DEM": 10835, "LIB": 2307}, "C5-0": {"REP": 15351, "DEM": 14563, "LIB": 866}, "C13-107": {"REP": 6457, "DEM": 5156}, "C7-0": {"REP": 16211, "DEM": 12125, "LIB": 1532}, "C1-0": {"GRN": 191, "REP": 18516, "DEM": 12392, "LIB": 413}, "C11-11": {"REP": 12578, "DEM": 7975}, "C11-10": {"REP": 7146, "DEM": 2901}}, "votes": {"senate": {"rep": 18122, "dem": 12289}, "president": {"rep": 18516, "dem": 12392}, "house": {"rep": 19724, "dem": 10876}}, "fips": "097", "id": 49, "name": "Northumberland"}, {"raw": {"C2-0": {"REP": 11828, "DEM": 5896, "LIB": 486}, "C6-0": {"REP": 11936, "DEM": 4893, "LIB": 997}, "C5-0": {"REP": 11078, "DEM": 6467, "LIB": 580}, "C7-0": {"REP": 10999, "DEM": 5888, "LIB": 892}, "C13-86": {"REP": 15653}, "C1-0": {"GRN": 82, "REP": 12511, "DEM": 5430, "LIB": 217}, "C11-11": {"REP": 5601, "DEM": 2685}, "C11-10": {"REP": 6985, "DEM": 2482}}, "votes": {"senate": {"rep": 11828, "dem": 5896}, "president": {"rep": 12511, "dem": 5430}, "house": {"rep": 12586, "dem": 5167}}, "fips": "099", "id": 50, "name": "Perry"}, {"raw": {"C13-198": {"DEM": 25394}, "C13-182": {"DEM": 26618}, "C13-180": {"DEM": 16174}, "C13-181": {"DEM": 23831}, "C13-186": {"DEM": 25529}, "C13-169": {"REP": 8189, "DEM": 15379}, "C13-184": {"DEM": 18401}, "C13-185": {"DEM": 15517}, "C13-188": {"REP": 1406, "DEM": 21620}, "C2-0": {"REP": 80276, "DEM": 536111, "LIB": 3963}, "C13-174": {"DEM": 17366}, "C13-172": {"REP": 7642, "DEM": 16226}, "C7-0": {"REP": 80905, "DEM": 517823, "LIB": 6316}, "C12-1": {"REP": 19393, "DEM": 90900}, "C12-3": {"DEM": 96316}, "C11-13": {"REP": 32939, "DEM": 91418}, "C5-0": {"REP": 80398, "DEM": 533228, "LIB": 4772}, "C6-0": {"REP": 90878, "DEM": 509009, "LIB": 6649}, "C11-2": {"IND": 3906, "REP": 19571, "DEM": 279362}, "C11-1": {"REP": 26436, "DEM": 166581}, "C13-195": {"DEM": 25937}, "C13-194": {"REP": 4232, "DEM": 15253}, "C13-197": {"REP": 1141, "DEM": 24719}, "C13-202": {"DEM": 21101}, "C13-191": {"DEM": 19076}, "C13-190": {"DEM": 26760}, "C13-179": {"DEM": 18328}, "C13-192": {"DEM": 26782}, "C13-177": {"REP": 11933, "DEM": 9030}, "C12-5": {"REP": 25041, "DEM": 63101}, "C13-175": {"DEM": 23446}, "C13-152": {"REP": 659, "DEM": 696}, "C13-173": {"DEM": 15361}, "C13-154": {"REP": 76, "DEM": 333}, "C13-170": {"DEM": 16594}, "C13-201": {"DEM": 25307}, "C13-200": {"DEM": 28893}, "C13-203": {"DEM": 26109}, "C12-7": {"DEM": 87955}, "C1-0": {"GRN": 2017, "REP": 91870, "DEM": 558158, "LIB": 2721}}, "votes": {"senate": {"rep": 80276, "dem": 536111}, "president": {"rep": 91870, "dem": 558158}, "house": {"rep": 78946, "dem": 537361}}, "fips": "101", "id": 51, "name": "Philadelphia"}, {"raw": {"C2-0": {"REP": 12165, "DEM": 10018, "LIB": 446}, "C13-189": {"REP": 4831, "DEM": 3714}, "C6-0": {"REP": 12176, "DEM": 8965, "LIB": 1023}, "C5-0": {"REP": 11490, "DEM": 10307, "LIB": 604}, "C13-139": {"REP": 10306}, "C7-0": {"REP": 11822, "DEM": 9385, "LIB": 925}, "C1-0": {"GRN": 89, "REP": 12713, "DEM": 10170, "LIB": 192}, "C11-10": {"REP": 12922, "DEM": 9357}}, "votes": {"senate": {"rep": 12165, "dem": 10018}, "president": {"rep": 12713, "dem": 10170}, "house": {"rep": 12922, "dem": 9357}}, "fips": "103", "id": 52, "name": "Pike"}, {"raw": {"C2-0": {"REP": 4912, "DEM": 1946, "LIB": 168}, "C11-5": {"REP": 5479, "DEM": 1582}, "C6-0": {"REP": 4915, "DEM": 1636, "LIB": 374}, "C12-25": {"REP": 6106}, "C7-0": {"REP": 4721, "DEM": 1864, "LIB": 328}, "C13-67": {"REP": 6296}, "C1-0": {"GRN": 36, "REP": 5199, "DEM": 1892, "LIB": 78}, "C5-0": {"REP": 4558, "DEM": 2124, "LIB": 230}}, "votes": {"senate": {"rep": 4912, "dem": 1946}, "president": {"rep": 5199, "dem": 1892}, "house": {"rep": 5479, "dem": 1582}}, "fips": "105", "id": 53, "name": "Potter"}, {"raw": {"C2-0": {"REP": 31526, "DEM": 24548, "LIB": 1194}, "C13-123": {"DEM": 16810}, "C6-0": {"REP": 29430, "DEM": 22569, "LIB": 3683}, "C13-125": {"REP": 15370, "DEM": 5959}, "C12-29": {"REP": 30563, "DEM": 26533}, "C7-0": {"REP": 26258, "DEM": 26657, "LIB": 2785}, "C11-17": {"REP": 29192, "DEM": 26487}, "C13-124": {"IND": 3692, "REP": 11107}, "C1-0": {"GRN": 285, "REP": 32156, "DEM": 24453, "LIB": 611}, "C5-0": {"REP": 26073, "DEM": 29184, "LIB": 1538}}, "votes": {"senate": {"rep": 31526, "dem": 24548}, "president": {"rep": 32156, "dem": 24453}, "house": {"rep": 29192, "dem": 26487}}, "fips": "107", "id": 54, "name": "Schuylkill"}, {"raw": {"C2-0": {"REP": 9844, "DEM": 4645, "LIB": 366}, "C12-27": {"REP": 12140}, "C13-108": {"REP": 2132}, "C6-0": {"REP": 9626, "DEM": 3808, "LIB": 904}, "C5-0": {"REP": 8837, "DEM": 5397, "LIB": 429}, "C13-82": {"REP": 4053}, "C7-0": {"REP": 9264, "DEM": 4223, "LIB": 791}, "C13-85": {"REP": 5372, "LIB": 1196}, "C1-0": {"GRN": 61, "REP": 10050, "DEM": 4672, "LIB": 179}, "C11-10": {"REP": 10601, "DEM": 3753}}, "votes": {"senate": {"rep": 9844, "dem": 4645}, "president": {"rep": 10050, "dem": 4672}, "house": {"rep": 10601, "dem": 3753}}, "fips": "109", "id": 55, "name": "Snyder"}, {"raw": {"C2-0": {"REP": 22148, "DEM": 10846, "LIB": 742}, "C13-72": {"DEM": 9170}, "C6-0": {"REP": 21011, "DEM": 10055, "LIB": 1828}, "C11-9": {"REP": 6788, "DEM": 2011}, "C11-12": {"REP": 13163, "DEM": 11299}, "C7-0": {"REP": 19884, "DEM": 11147, "LIB": 1695}, "C13-69": {"R/D": 21171}, "C1-0": {"GRN": 188, "REP": 23935, "DEM": 9420, "LIB": 332}, "C12-35": {"REP": 2912, "DEM": 3006}, "C5-0": {"REP": 18116, "DEM": 14108, "LIB": 1106}}, "votes": {"senate": {"rep": 22148, "dem": 10846}, "president": {"rep": 23935, "dem": 9420}, "house": {"rep": 19951, "dem": 13310}}, "fips": "111", "id": 56, "name": "Somerset"}, {"raw": {"C2-0": {"REP": 1797, "DEM": 1046, "LIB": 72}, "C12-23": {"REP": 2025, "DEM": 832}, "C5-0": {"REP": 1537, "DEM": 1227, "LIB": 95}, "C13-110": {"REP": 2450}, "C7-0": {"REP": 1630, "DEM": 1059, "LIB": 138}, "C6-0": {"REP": 1666, "DEM": 980, "LIB": 171}, "C1-0": {"GRN": 18, "REP": 1859, "DEM": 1028, "LIB": 29}, "C11-10": {"REP": 1988, "DEM": 868}}, "votes": {"senate": {"rep": 1797, "dem": 1046}, "president": {"rep": 1859, "dem": 1028}, "house": {"rep": 1988, "dem": 868}}, "fips": "113", "id": 57, "name": "Sullivan"}, {"raw": {"C2-0": {"REP": 10514, "DEM": 7048, "LIB": 379}, "C6-0": {"REP": 10505, "DEM": 5793, "LIB": 1163}, "C5-0": {"REP": 9157, "DEM": 7959, "LIB": 597}, "C13-114": {"R/D": 538}, "C13-111": {"REP": 9878, "DEM": 4094}, "C13-110": {"REP": 2701}, "C7-0": {"REP": 10142, "DEM": 6261, "LIB": 970}, "C12-23": {"REP": 6893, "DEM": 3133}, "C1-0": {"GRN": 105, "REP": 10735, "DEM": 6891, "LIB": 199}, "C11-10": {"REP": 11646, "DEM": 5853}}, "votes": {"senate": {"rep": 10514, "dem": 7048}, "president": {"rep": 10735, "dem": 6891}, "house": {"rep": 11646, "dem": 5853}}, "fips": "115", "id": 58, "name": "Susquehanna"}, {"raw": {"C2-0": {"REP": 10473, "DEM": 4968, "LIB": 367}, "C11-5": {"REP": 696, "DEM": 218}, "C6-0": {"REP": 10437, "DEM": 4040, "LIB": 927}, "C11-10": {"REP": 10402, "DEM": 4127}, "C12-25": {"REP": 12817}, "C7-0": {"REP": 10250, "DEM": 4480, "LIB": 707}, "C13-68": {"R/D": 15217}, "C1-0": {"GRN": 105, "REP": 10599, "DEM": 5053, "LIB": 186}, "C5-0": {"REP": 9985, "DEM": 5126, "LIB": 496}}, "votes": {"senate": {"rep": 10473, "dem": 4968}, "president": {"rep": 10599, "dem": 5053}, "house": {"rep": 11098, "dem": 4345}}, "fips": "117", "id": 59, "name": "Tioga"}, {"raw": {"C2-0": {"REP": 9572, "DEM": 6091, "LIB": 368}, "C12-23": {"REP": 8824, "DEM": 4797}, "C5-0": {"REP": 8807, "DEM": 6626, "LIB": 426}, "C7-0": {"REP": 9177, "DEM": 5761, "LIB": 656}, "C13-85": {"REP": 11503, "LIB": 2727}, "C6-0": {"REP": 9506, "DEM": 5275, "LIB": 840}, "C1-0": {"GRN": 79, "REP": 9863, "DEM": 6063, "LIB": 182}, "C11-10": {"REP": 10500, "DEM": 5230}}, "votes": {"senate": {"rep": 9572, "dem": 6091}, "president": {"rep": 9863, "dem": 6063}, "house": {"rep": 10500, "dem": 5230}}, "fips": "119", "id": 60, "name": "Union"}, {"raw": {"C2-0": {"REP": 12771, "DEM": 7356, "LIB": 571}, "C11-5": {"REP": 13875, "DEM": 6519}, "C6-0": {"REP": 12328, "DEM": 6603, "LIB": 1305}, "C12-21": {"REP": 18080}, "C7-0": {"REP": 11230, "DEM": 7223, "LIB": 1759}, "C13-64": {"REP": 17154}, "C1-0": {"GRN": 103, "REP": 12928, "DEM": 7469, "LIB": 275}, "C5-0": {"REP": 10848, "DEM": 8760, "LIB": 851}}, "votes": {"senate": {"rep": 12771, "dem": 7356}, "president": {"rep": 12928, "dem": 7469}, "house": {"rep": 13875, "dem": 6519}}, "fips": "121", "id": 61, "name": "Venango"}, {"raw": {"C2-0": {"REP": 10058, "DEM": 6390, "LIB": 481}, "C11-5": {"REP": 10628, "DEM": 5908}, "C6-0": {"REP": 9321, "DEM": 5753, "LIB": 1176}, "C12-21": {"REP": 9013}, "C12-25": {"REP": 3217}, "C7-0": {"REP": 8754, "DEM": 6413, "LIB": 990}, "C13-65": {"REP": 13927}, "C1-0": {"GRN": 88, "REP": 9922, "DEM": 6956, "LIB": 204}, "C5-0": {"REP": 8810, "DEM": 6907, "LIB": 732}}, "votes": {"senate": {"rep": 10058, "dem": 6390}, "president": {"rep": 9922, "dem": 6956}, "house": {"rep": 10628, "dem": 5908}}, "fips": "123", "id": 62, "name": "Warren"}, {"raw": {"C2-0": {"REP": 45487, "DEM": 41787, "LIB": 1779}, "C6-0": {"REP": 44730, "DEM": 39074, "LIB": 3522}, "C13-49": {"REP": 8574, "DEM": 9675}, "C13-39": {"REP": 3226, "DEM": 2850}, "C11-9": {"REP": 7466, "DEM": 10003}, "C12-37": {"REP": 6829, "DEM": 4409}, "C13-46": {"R/D": 22222}, "C7-0": {"REP": 46199, "DEM": 38466, "LIB": 3376}, "C13-50": {"REP": 702, "DEM": 1653}, "C13-40": {"REP": 9348}, "C11-18": {"REP": 41196, "DEM": 29886}, "C1-0": {"GRN": 305, "REP": 50445, "DEM": 38503, "LIB": 815}, "C13-48": {"DEM": 20278}, "C5-0": {"REP": 39682, "DEM": 45423, "LIB": 2779}}, "votes": {"senate": {"rep": 45487, "dem": 41787}, "president": {"rep": 50445, "dem": 38503}, "house": {"rep": 48662, "dem": 39889}}, "fips": "125", "id": 63, "name": "Washington"}, {"raw": {"C2-0": {"REP": 5329, "DEM": 3958, "LIB": 188}, "C6-0": {"REP": 5284, "DEM": 3333, "LIB": 542}, "C13-115": {"REP": 584, "DEM": 319}, "C5-0": {"REP": 4599, "DEM": 4466, "LIB": 269}, "C13-139": {"REP": 4705}, "C13-111": {"REP": 1607, "DEM": 609}, "C7-0": {"REP": 5042, "DEM": 3553, "LIB": 478}, "C1-0": {"GRN": 56, "REP": 5633, "DEM": 3745, "LIB": 81}, "C11-10": {"REP": 6029, "DEM": 3107}}, "votes": {"senate": {"rep": 5329, "dem": 3958}, "president": {"rep": 5633, "dem": 3745}, "house": {"rep": 6029, "dem": 3107}}, "fips": "127", "id": 64, "name": "Wayne"}, {"raw": {"C2-0": {"REP": 90532, "DEM": 66468, "LIB": 2931}, "C12-41": {"REP": 17530}, "C11-14": {"REP": 2500, "DEM": 4461}, "C6-0": {"REP": 86111, "DEM": 64100, "LIB": 6139}, "C13-25": {"REP": 2862, "DEM": 2303}, "C13-52": {"DEM": 3118}, "C12-39": {"IND": 13254, "R/D": 88833}, "C11-9": {"REP": 1221, "DEM": 2503}, "C13-58": {"DEM": 18073}, "C13-55": {"REP": 9991, "DEM": 12733}, "C7-0": {"REP": 81789, "DEM": 66910, "LIB": 6097}, "C13-57": {"REP": 16441, "DEM": 9197}, "C13-56": {"REP": 16616, "DEM": 12038}, "C11-18": {"REP": 71037, "DEM": 33533}, "C12-45": {"DEM": 12109}, "C1-0": {"GRN": 462, "REP": 98639, "DEM": 60884, "LIB": 1348}, "C13-59": {"REP": 17569, "DEM": 6865}, "C11-12": {"REP": 23932, "DEM": 17928}, "C13-54": {"REP": 15905, "DEM": 8220}, "C5-0": {"REP": 77619, "DEM": 75757, "LIB": 4301}}, "votes": {"senate": {"rep": 90532, "dem": 66468}, "president": {"rep": 98639, "dem": 60884}, "house": {"rep": 98690, "dem": 58425}}, "fips": "129", "id": 65, "name": "Westmoreland"}, {"raw": {"C2-0": {"REP": 6003, "DEM": 4874, "LIB": 296}, "C6-0": {"REP": 6206, "DEM": 4017, "LIB": 687}, "C13-114": {"R/D": 408}, "C13-117": {"R/D": 3059}, "C13-111": {"REP": 5277, "DEM": 2214}, "C7-0": {"REP": 5867, "DEM": 4370, "LIB": 607}, "C1-0": {"GRN": 67, "REP": 6189, "DEM": 4812, "LIB": 146}, "C11-11": {"REP": 6802, "DEM": 4230}, "C5-0": {"REP": 5412, "DEM": 5303, "LIB": 361}}, "votes": {"senate": {"rep": 6003, "dem": 4874}, "president": {"rep": 6189, "dem": 4812}, "house": {"rep": 6802, "dem": 4230}}, "fips": "131", "id": 66, "name": "Wyoming"}, {"raw": {"C2-0": {"REP": 106362, "DEM": 73607, "LIB": 4886}, "C12-15": {"REP": 6248, "DEM": 3411}, "C11-4": {"IND": 7846, "REP": 112382, "DEM": 58444, "LIB": 4138}, "C6-0": {"REP": 101252, "DEM": 73378, "LIB": 8279}, "C13-47": {"REP": 19875, "DEM": 12939}, "C7-0": {"REP": 102747, "DEM": 69900, "LIB": 8681}, "C13-93": {"REP": 23232, "DEM": 10537}, "C13-92": {"REP": 17216, "DEM": 6619}, "C13-95": {"DEM": 16640, "YLP": 3394}, "C13-94": {"REP": 25195}, "C13-193": {"REP": 8327, "DEM": 3758}, "C12-33": {"REP": 8143, "DEM": 3870}, "C12-31": {"R/D": 18917}, "C1-0": {"GRN": 739, "REP": 111576, "DEM": 72126, "LIB": 1953}, "C12-13": {"REP": 13873, "DEM": 8748}, "C13-196": {"REP": 25959}, "C5-0": {"REP": 98109, "DEM": 80410, "LIB": 5424}}, "votes": {"senate": {"rep": 106362, "dem": 73607}, "president": {"rep": 111576, "dem": 72126}, "house": {"rep": 112382, "dem": 58444}}, "fips": "133", "id": 67, "name": "York"}]