Adams,001
Allegheny,003
Armstrong,005
Beaver,007
Bedford,009
Berks,011
Blair,013
Bradford,015
Bucks,017
Butler,019
Cambria,021
Cameron,023
Carbon,025
Centre,027
Chester,029
Clarion,031
Clearfield,033
Clinton,035
Columbia,037
Crawford,039
Cumberland,041
Dauphin,043
Delaware,045
Elk,047
Erie,049
Fayette,051
Forest,053
Franklin,055
Fulton,057
Greene,059
Huntingdon,061
Indiana,063
Jefferson,065
Juniata,067
Lackawanna,069
Lancaster,071
Lawrence,073
Lebanon,075
Lehigh,077
Luzerne,079
Lycoming,081
McKean,083
Mercer,085
Mifflin,087
Monroe,089
Montgomery,091
Montour,093
Northampton,095
Northumberland,097
Perry,099
Philadelphia,101
Pike,103
Potter,105
Schuylkill,107
Snyder,109
Somerset,111
Sullivan,113
Susquehanna,115
Tioga,117
Union,119
Venango,121
Warren,123
Washington,125
Wayne,127
Westmoreland,129
Wyoming,131
York,133